cement,slag,ash,water,superplasticizer,coarse_agg,fine_agg,age,output
540.0,0.0,-0.0,-162.0,2.5,-1040.0,676.0,28,2
540.0,0.0,-0.0,-162.0,2.5,-1055.0,676.0,28,2
332.5,142.5,-0.0,-228.0,0.0,-932.0,594.0,270,2
332.5,142.5,-0.0,-228.0,0.0,-932.0,594.0,365,2
198.6,132.4,-0.0,-192.0,0.0,-978.4,825.5,360,2
266.0,114.0,-0.0,-228.0,0.0,-932.0,670.0,90,2
380.0,95.0,-0.0,-228.0,0.0,-932.0,594.0,365,2
380.0,95.0,-0.0,-228.0,0.0,-932.0,594.0,28,2
266.0,114.0,-0.0,-228.0,0.0,-932.0,670.0,28,2
475.0,0.0,-0.0,-228.0,0.0,-932.0,594.0,28,2
198.6,132.4,-0.0,-192.0,0.0,-978.4,825.5,90,2
198.6,132.4,-0.0,-192.0,0.0,-978.4,825.5,28,2
427.5,47.5,-0.0,-228.0,0.0,-932.0,594.0,270,2
190.0,190.0,-0.0,-228.0,0.0,-932.0,670.0,90,2
304.0,76.0,-0.0,-228.0,0.0,-932.0,670.0,28,2
380.0,0.0,-0.0,-228.0,0.0,-932.0,670.0,90,2
139.6,209.4,-0.0,-192.0,0.0,-1047.0,806.9,90,2
342.0,38.0,-0.0,-228.0,0.0,-932.0,670.0,365,2
380.0,95.0,-0.0,-228.0,0.0,-932.0,594.0,90,2
475.0,0.0,-0.0,-228.0,0.0,-932.0,594.0,180,2
427.5,47.5,-0.0,-228.0,0.0,-932.0,594.0,180,2
139.6,209.4,-0.0,-192.0,0.0,-1047.0,806.9,28,2
139.6,209.4,-0.0,-192.0,0.0,-1047.0,806.9,3,1
139.6,209.4,-0.0,-192.0,0.0,-1047.0,806.9,180,2
380.0,0.0,-0.0,-228.0,0.0,-932.0,670.0,365,2
380.0,0.0,-0.0,-228.0,0.0,-932.0,670.0,270,2
380.0,95.0,-0.0,-228.0,0.0,-932.0,594.0,270,2
342.0,38.0,-0.0,-228.0,0.0,-932.0,670.0,180,2
427.5,47.5,-0.0,-228.0,0.0,-932.0,594.0,28,2
475.0,0.0,-0.0,-228.0,0.0,-932.0,594.0,7,2
304.0,76.0,-0.0,-228.0,0.0,-932.0,670.0,365,2
266.0,114.0,-0.0,-228.0,0.0,-932.0,670.0,365,2
198.6,132.4,-0.0,-192.0,0.0,-978.4,825.5,180,2
475.0,0.0,-0.0,-228.0,0.0,-932.0,594.0,270,2
190.0,190.0,-0.0,-228.0,0.0,-932.0,670.0,365,2
237.5,237.5,-0.0,-228.0,0.0,-932.0,594.0,270,2
237.5,237.5,-0.0,-228.0,0.0,-932.0,594.0,28,2
332.5,142.5,-0.0,-228.0,0.0,-932.0,594.0,90,2
475.0,0.0,-0.0,-228.0,0.0,-932.0,594.0,90,2
237.5,237.5,-0.0,-228.0,0.0,-932.0,594.0,180,2
342.0,38.0,-0.0,-228.0,0.0,-932.0,670.0,90,2
427.5,47.5,-0.0,-228.0,0.0,-932.0,594.0,365,2
237.5,237.5,-0.0,-228.0,0.0,-932.0,594.0,365,2
380.0,0.0,-0.0,-228.0,0.0,-932.0,670.0,180,2
427.5,47.5,-0.0,-228.0,0.0,-932.0,594.0,90,2
427.5,47.5,-0.0,-228.0,0.0,-932.0,594.0,7,2
349.0,0.0,-0.0,-192.0,0.0,-1047.0,806.9,3,1
380.0,95.0,-0.0,-228.0,0.0,-932.0,594.0,180,2
237.5,237.5,-0.0,-228.0,0.0,-932.0,594.0,7,2
380.0,95.0,-0.0,-228.0,0.0,-932.0,594.0,7,2
332.5,142.5,-0.0,-228.0,0.0,-932.0,594.0,180,2
190.0,190.0,-0.0,-228.0,0.0,-932.0,670.0,180,2
237.5,237.5,-0.0,-228.0,0.0,-932.0,594.0,90,2
304.0,76.0,-0.0,-228.0,0.0,-932.0,670.0,90,2
139.6,209.4,-0.0,-192.0,0.0,-1047.0,806.9,7,1
198.6,132.4,-0.0,-192.0,0.0,-978.4,825.5,7,1
475.0,0.0,-0.0,-228.0,0.0,-932.0,594.0,365,2
198.6,132.4,-0.0,-192.0,0.0,-978.4,825.5,3,1
304.0,76.0,-0.0,-228.0,0.0,-932.0,670.0,180,2
332.5,142.5,-0.0,-228.0,0.0,-932.0,594.0,28,2
304.0,76.0,-0.0,-228.0,0.0,-932.0,670.0,270,2
266.0,114.0,-0.0,-228.0,0.0,-932.0,670.0,270,2
310.0,0.0,-0.0,-192.0,0.0,-971.0,850.6,3,1
190.0,190.0,-0.0,-228.0,0.0,-932.0,670.0,270,2
266.0,114.0,-0.0,-228.0,0.0,-932.0,670.0,180,2
342.0,38.0,-0.0,-228.0,0.0,-932.0,670.0,270,2
139.6,209.4,-0.0,-192.0,0.0,-1047.0,806.9,360,2
332.5,142.5,-0.0,-228.0,0.0,-932.0,594.0,7,2
190.0,190.0,-0.0,-228.0,0.0,-932.0,670.0,28,2
485.0,0.0,-0.0,-146.0,0.0,-1120.0,800.0,28,2
374.0,189.2,-0.0,-170.1,10.1,-926.1,756.7,3,2
313.3,262.2,-0.0,-175.5,8.6,-1046.9,611.8,3,2
425.0,106.3,-0.0,-153.5,16.5,-852.1,887.1,3,2
425.0,106.3,-0.0,-151.4,18.6,-936.0,803.7,3,2
375.0,93.8,-0.0,-126.6,23.4,-852.1,992.6,3,2
475.0,118.8,-0.0,-181.1,8.9,-852.1,781.5,3,2
469.0,117.2,-0.0,-137.8,32.2,-852.1,840.5,3,2
425.0,106.3,-0.0,-153.5,16.5,-852.1,887.1,3,2
388.6,97.1,-0.0,-157.9,12.1,-852.1,925.7,3,2
531.3,0.0,-0.0,-141.8,28.2,-852.1,893.7,3,2
425.0,106.3,-0.0,-153.5,16.5,-852.1,887.1,3,2
318.8,212.5,-0.0,-155.7,14.3,-852.1,880.4,3,2
401.8,94.7,-0.0,-147.4,11.4,-946.8,852.1,3,2
362.6,189.0,-0.0,-164.9,11.6,-944.7,755.8,3,2
323.7,282.8,-0.0,-183.8,10.3,-942.7,659.9,3,2
379.5,151.2,-0.0,-153.9,15.9,-1134.3,605.0,3,2
362.6,189.0,-0.0,-164.9,11.6,-944.7,755.8,3,2
286.3,200.9,-0.0,-144.7,11.2,-1004.6,803.7,3,1
362.6,189.0,-0.0,-164.9,11.6,-944.7,755.8,3,2
439.0,177.0,-0.0,-186.0,11.1,-884.9,707.9,3,2
389.9,189.0,-0.0,-145.9,22.0,-944.7,755.8,3,2
362.6,189.0,-0.0,-164.9,11.6,-944.7,755.8,3,2
337.9,189.0,-0.0,-174.9,9.5,-944.7,755.8,3,1
374.0,189.2,-0.0,-170.1,10.1,-926.1,756.7,7,2
313.3,262.2,-0.0,-175.5,8.6,-1046.9,611.8,7,2
425.0,106.3,-0.0,-153.5,16.5,-852.1,887.1,7,2
425.0,106.3,-0.0,-151.4,18.6,-936.0,803.7,7,2
375.0,93.8,-0.0,-126.6,23.4,-852.1,992.6,7,2
475.0,118.8,-0.0,-181.1,8.9,-852.1,781.5,7,2
469.0,117.2,-0.0,-137.8,32.2,-852.1,840.5,7,2
425.0,106.3,-0.0,-153.5,16.5,-852.1,887.1,7,2
388.6,97.1,-0.0,-157.9,12.1,-852.1,925.7,7,2
531.3,0.0,-0.0,-141.8,28.2,-852.1,893.7,7,2
425.0,106.3,-0.0,-153.5,16.5,-852.1,887.1,7,2
318.8,212.5,-0.0,-155.7,14.3,-852.1,880.4,7,2
401.8,94.7,-0.0,-147.4,11.4,-946.8,852.1,7,2
362.6,189.0,-0.0,-164.9,11.6,-944.7,755.8,7,2
323.7,282.8,-0.0,-183.8,10.3,-942.7,659.9,7,2
379.5,151.2,-0.0,-153.9,15.9,-1134.3,605.0,7,2
362.6,189.0,-0.0,-164.9,11.6,-944.7,755.8,7,2
286.3,200.9,-0.0,-144.7,11.2,-1004.6,803.7,7,2
362.6,189.0,-0.0,-164.9,11.6,-944.7,755.8,7,2
439.0,177.0,-0.0,-186.0,11.1,-884.9,707.9,7,2
389.9,189.0,-0.0,-145.9,22.0,-944.7,755.8,7,2
362.6,189.0,-0.0,-164.9,11.6,-944.7,755.8,7,1
337.9,189.0,-0.0,-174.9,9.5,-944.7,755.8,7,2
374.0,189.2,-0.0,-170.1,10.1,-926.1,756.7,28,2
313.3,262.2,-0.0,-175.5,8.6,-1046.9,611.8,28,2
425.0,106.3,-0.0,-153.5,16.5,-852.1,887.1,28,2
425.0,106.3,-0.0,-151.4,18.6,-936.0,803.7,28,2
375.0,93.8,-0.0,-126.6,23.4,-852.1,992.6,28,2
475.0,118.8,-0.0,-181.1,8.9,-852.1,781.5,28,2
469.0,117.2,-0.0,-137.8,32.2,-852.1,840.5,28,2
425.0,106.3,-0.0,-153.5,16.5,-852.1,887.1,28,2
388.6,97.1,-0.0,-157.9,12.1,-852.1,925.7,28,2
531.3,0.0,-0.0,-141.8,28.2,-852.1,893.7,28,2
425.0,106.3,-0.0,-153.5,16.5,-852.1,887.1,28,2
318.8,212.5,-0.0,-155.7,14.3,-852.1,880.4,28,2
401.8,94.7,-0.0,-147.4,11.4,-946.8,852.1,28,2
362.6,189.0,-0.0,-164.9,11.6,-944.7,755.8,28,2
323.7,282.8,-0.0,-183.8,10.3,-942.7,659.9,28,2
379.5,151.2,-0.0,-153.9,15.9,-1134.3,605.0,28,2
362.6,189.0,-0.0,-164.9,11.6,-944.7,755.8,28,2
286.3,200.9,-0.0,-144.7,11.2,-1004.6,803.7,28,2
362.6,189.0,-0.0,-164.9,11.6,-944.7,755.8,28,2
439.0,177.0,-0.0,-186.0,11.1,-884.9,707.9,28,2
389.9,189.0,-0.0,-145.9,22.0,-944.7,755.8,28,2
362.6,189.0,-0.0,-164.9,11.6,-944.7,755.8,28,2
337.9,189.0,-0.0,-174.9,9.5,-944.7,755.8,28,2
374.0,189.2,-0.0,-170.1,10.1,-926.1,756.7,56,2
313.3,262.2,-0.0,-175.5,8.6,-1046.9,611.8,56,2
425.0,106.3,-0.0,-153.5,16.5,-852.1,887.1,56,2
425.0,106.3,-0.0,-151.4,18.6,-936.0,803.7,56,2
375.0,93.8,-0.0,-126.6,23.4,-852.1,992.6,56,2
475.0,118.8,-0.0,-181.1,8.9,-852.1,781.5,56,2
469.0,117.2,-0.0,-137.8,32.2,-852.1,840.5,56,2
425.0,106.3,-0.0,-153.5,16.5,-852.1,887.1,56,2
388.6,97.1,-0.0,-157.9,12.1,-852.1,925.7,56,2
531.3,0.0,-0.0,-141.8,28.2,-852.1,893.7,56,2
425.0,106.3,-0.0,-153.5,16.5,-852.1,887.1,56,2
318.8,212.5,-0.0,-155.7,14.3,-852.1,880.4,56,2
401.8,94.7,-0.0,-147.4,11.4,-946.8,852.1,56,2
362.6,189.0,-0.0,-164.9,11.6,-944.7,755.8,56,2
323.7,282.8,-0.0,-183.8,10.3,-942.7,659.9,56,2
379.5,151.2,-0.0,-153.9,15.9,-1134.3,605.0,56,2
362.6,189.0,-0.0,-164.9,11.6,-944.7,755.8,56,2
286.3,200.9,-0.0,-144.7,11.2,-1004.6,803.7,56,2
362.6,189.0,-0.0,-164.9,11.6,-944.7,755.8,56,2
439.0,177.0,-0.0,-186.0,11.1,-884.9,707.9,56,2
389.9,189.0,-0.0,-145.9,22.0,-944.7,755.8,56,2
362.6,189.0,-0.0,-164.9,11.6,-944.7,755.8,56,2
337.9,189.0,-0.0,-174.9,9.5,-944.7,755.8,56,2
374.0,189.2,-0.0,-170.1,10.1,-926.1,756.7,91,2
313.3,262.2,-0.0,-175.5,8.6,-1046.9,611.8,91,2
425.0,106.3,-0.0,-153.5,16.5,-852.1,887.1,91,2
425.0,106.3,-0.0,-151.4,18.6,-936.0,803.7,91,2
375.0,93.8,-0.0,-126.6,23.4,-852.1,992.6,91,2
475.0,118.8,-0.0,-181.1,8.9,-852.1,781.5,91,2
469.0,117.2,-0.0,-137.8,32.2,-852.1,840.5,91,2
425.0,106.3,-0.0,-153.5,16.5,-852.1,887.1,91,2
388.6,97.1,-0.0,-157.9,12.1,-852.1,925.7,91,2
531.3,0.0,-0.0,-141.8,28.2,-852.1,893.7,91,2
425.0,106.3,-0.0,-153.5,16.5,-852.1,887.1,91,2
318.8,212.5,-0.0,-155.7,14.3,-852.1,880.4,91,2
401.8,94.7,-0.0,-147.4,11.4,-946.8,852.1,91,2
362.6,189.0,-0.0,-164.9,11.6,-944.7,755.8,91,2
379.5,151.2,-0.0,-153.9,15.9,-1134.3,605.0,91,2
362.6,189.0,-0.0,-164.9,11.6,-944.7,755.8,91,2
286.3,200.9,-0.0,-144.7,11.2,-1004.6,803.7,91,2
362.6,189.0,-0.0,-164.9,11.6,-944.7,755.8,91,2
439.0,177.0,-0.0,-186.0,11.1,-884.9,707.9,91,2
389.9,189.0,-0.0,-145.9,22.0,-944.7,755.8,91,2
362.6,189.0,-0.0,-164.9,11.6,-944.7,755.8,91,2
337.9,189.0,-0.0,-174.9,9.5,-944.7,755.8,91,2
222.36,0.0,-96.67,-189.29,4.46,-967.08,870.32,3,1
222.36,0.0,-96.67,-189.29,4.46,-967.08,870.32,14,1
222.36,0.0,-96.67,-189.29,4.46,-967.08,870.32,28,1
222.36,0.0,-96.67,-189.29,4.46,-967.08,870.32,56,2
222.36,0.0,-96.67,-189.29,4.46,-967.08,870.32,100,2
233.81,0.0,-94.58,-197.89,4.567,-947.04,852.16,3,1
233.81,0.0,-94.58,-197.89,4.567,-947.04,852.16,14,1
233.81,0.0,-94.58,-197.89,4.567,-947.04,852.16,28,1
233.81,0.0,-94.58,-197.89,4.567,-947.04,852.16,56,2
233.81,0.0,-94.58,-197.89,4.567,-947.04,852.16,100,2
194.68,0.0,-100.52,-165.62,7.48,-1006.4,905.9,3,1
194.68,0.0,-100.52,-165.62,7.48,-1006.4,905.9,14,1
194.68,0.0,-100.52,-165.62,7.48,-1006.4,905.9,28,2
194.68,0.0,-100.52,-165.62,7.48,-1006.4,905.9,56,2
194.68,0.0,-100.52,-165.62,7.48,-1006.4,905.9,100,2
190.68,0.0,-125.4,-162.14,7.77,-1090.0,804.01,3,1
190.68,0.0,-125.4,-162.14,7.77,-1090.0,804.01,14,1
190.68,0.0,-125.4,-162.14,7.77,-1090.0,804.01,28,2
190.68,0.0,-125.4,-162.14,7.77,-1090.0,804.01,56,2
190.68,0.0,-125.4,-162.14,7.77,-1090.0,804.01,100,2
212.07,0.0,-121.62,-180.31,5.69,-1057.6,779.32,3,1
212.07,0.0,-121.62,-180.31,5.69,-1057.6,779.32,14,1
212.07,0.0,-121.62,-180.31,5.69,-1057.6,779.32,28,1
212.07,0.0,-121.62,-180.31,5.69,-1057.6,779.32,56,2
212.07,0.0,-121.62,-180.31,5.69,-1057.6,779.32,100,2
229.97,0.0,-118.31,-195.47,4.63,-1029.4,758.59,3,1
229.97,0.0,-118.31,-195.47,4.63,-1029.4,758.59,14,1
229.97,0.0,-118.31,-195.47,4.63,-1029.4,758.59,28,1
229.97,0.0,-118.31,-195.47,4.63,-1029.4,758.59,56,2
229.97,0.0,-118.31,-195.47,4.63,-1029.4,758.59,100,2
190.34,0.0,-125.18,-161.85,9.88,-1088.1,802.59,3,1
190.34,0.0,-125.18,-161.85,9.88,-1088.1,802.59,14,1
190.34,0.0,-125.18,-161.85,9.88,-1088.1,802.59,28,2
190.34,0.0,-125.18,-161.85,9.88,-1088.1,802.59,56,2
190.34,0.0,-125.18,-161.85,9.88,-1088.1,802.59,100,2
166.09,0.0,-163.27,-176.46,4.49,-1058.6,780.09,3,1
166.09,0.0,-163.27,-176.46,4.49,-1058.6,780.09,14,2
166.09,0.0,-163.27,-176.46,4.49,-1058.6,780.09,28,1
166.09,0.0,-163.27,-176.46,4.49,-1058.6,780.09,56,2
166.09,0.0,-163.27,-176.46,4.49,-1058.6,780.09,100,2
167.95,42.08,-163.83,-121.75,5.72,-1058.7,780.11,3,1
167.95,42.08,-163.83,-121.75,5.72,-1058.7,780.11,14,1
167.95,42.08,-163.83,-121.75,5.72,-1058.7,780.11,28,1
167.95,42.08,-163.83,-121.75,5.72,-1058.7,780.11,56,2
167.95,42.08,-163.83,-121.75,5.72,-1058.7,780.11,100,2
213.72,98.05,-24.51,-181.71,6.86,-1065.8,785.38,3,1
213.72,98.05,-24.51,-181.71,6.86,-1065.8,785.38,14,2
213.72,98.05,-24.51,-181.71,6.86,-1065.8,785.38,28,2
213.72,98.05,-24.51,-181.71,6.86,-1065.8,785.38,56,2
213.72,98.05,-24.51,-181.71,6.86,-1065.8,785.38,100,2
213.76,98.06,-24.52,-181.74,6.65,-1066.0,785.52,3,1
213.76,98.06,-24.52,-181.74,6.65,-1066.0,785.52,14,1
213.76,98.06,-24.52,-181.74,6.65,-1066.0,785.52,28,2
213.76,98.06,-24.52,-181.74,6.65,-1066.0,785.52,56,2
213.76,98.06,-24.52,-181.74,6.65,-1066.0,785.52,100,2
229.68,0.0,-118.16,-195.23,6.13,-1028.1,757.63,3,1
229.68,0.0,-118.16,-195.23,6.13,-1028.1,757.63,14,1
229.68,0.0,-118.16,-195.23,6.13,-1028.1,757.63,28,1
229.68,0.0,-118.16,-195.23,6.13,-1028.1,757.63,56,2
229.68,0.0,-118.16,-195.23,6.13,-1028.1,757.63,100,2
238.05,0.0,-94.11,-186.66,7.0,-949.91,847.01,3,1
238.05,0.0,-94.11,-186.66,7.0,-949.91,847.01,14,2
238.05,0.0,-94.11,-186.66,7.0,-949.91,847.01,28,2
238.05,0.0,-94.11,-186.66,7.0,-949.91,847.01,56,2
238.05,0.0,-94.11,-186.66,7.0,-949.91,847.01,100,2
250.0,0.0,-95.69,-187.42,5.53,-956.86,861.17,3,1
250.0,0.0,-95.69,-187.42,5.53,-956.86,861.17,14,1
250.0,0.0,-95.69,-187.42,5.53,-956.86,861.17,28,2
250.0,0.0,-95.69,-187.42,5.53,-956.86,861.17,56,2
250.0,0.0,-95.69,-187.42,5.53,-956.86,861.17,100,2
212.52,0.0,-100.37,-159.32,8.71,-1007.8,903.59,3,1
212.52,0.0,-100.37,-159.32,8.71,-1007.8,903.59,14,2
212.52,0.0,-100.37,-159.32,8.71,-1007.8,903.59,28,2
212.52,0.0,-100.37,-159.32,8.71,-1007.8,903.59,56,2
212.52,0.0,-100.37,-159.32,8.71,-1007.8,903.59,100,2
212.57,0.0,-100.39,-159.35,10.37,-1003.8,903.79,3,1
212.57,0.0,-100.39,-159.35,10.37,-1003.8,903.79,14,2
212.57,0.0,-100.39,-159.35,10.37,-1003.8,903.79,28,2
212.57,0.0,-100.39,-159.35,10.37,-1003.8,903.79,56,2
212.57,0.0,-100.39,-159.35,10.37,-1003.8,903.79,100,2
212.0,0.0,-124.78,-159.0,7.84,-1085.4,799.54,3,1
212.0,0.0,-124.78,-159.0,7.84,-1085.4,799.54,14,2
212.0,0.0,-124.78,-159.0,7.84,-1085.4,799.54,28,2
212.0,0.0,-124.78,-159.0,7.84,-1085.4,799.54,56,2
212.0,0.0,-124.78,-159.0,7.84,-1085.4,799.54,100,2
231.75,0.0,-121.62,-173.96,6.72,-1056.4,778.45,3,1
231.75,0.0,-121.62,-173.96,6.72,-1056.4,778.45,14,2
231.75,0.0,-121.62,-173.96,6.72,-1056.4,778.45,28,2
231.75,0.0,-121.62,-173.96,6.72,-1056.4,778.45,56,2
231.75,0.0,-121.62,-173.96,6.72,-1056.4,778.45,100,2
251.37,0.0,-118.27,-188.45,5.75,-1028.4,757.73,3,1
251.37,0.0,-118.27,-188.45,5.75,-1028.4,757.73,14,2
251.37,0.0,-118.27,-188.45,5.75,-1028.4,757.73,28,2
251.37,0.0,-118.27,-188.45,5.75,-1028.4,757.73,56,2
251.37,0.0,-118.27,-188.45,5.75,-1028.4,757.73,100,2
251.37,0.0,-118.27,-188.45,6.35,-1028.4,757.73,3,1
251.37,0.0,-118.27,-188.45,6.35,-1028.4,757.73,14,1
251.37,0.0,-118.27,-188.45,6.35,-1028.4,757.73,28,2
251.37,0.0,-118.27,-188.45,6.35,-1028.4,757.73,56,2
251.37,0.0,-118.27,-188.45,6.35,-1028.4,757.73,100,2
181.38,0.0,-167.01,-169.59,7.56,-1055.6,777.8,3,1
181.38,0.0,-167.01,-169.59,7.56,-1055.6,777.8,14,1
181.38,0.0,-167.01,-169.59,7.56,-1055.6,777.8,28,2
181.38,0.0,-167.01,-169.59,7.56,-1055.6,777.8,56,2
181.38,0.0,-167.01,-169.59,7.56,-1055.6,777.8,100,2
182.04,45.21,-121.97,-170.21,8.19,-1059.4,780.65,3,1
182.04,45.21,-121.97,-170.21,8.19,-1059.4,780.65,14,1
182.04,45.21,-121.97,-170.21,8.19,-1059.4,780.65,28,2
182.04,45.21,-121.97,-170.21,8.19,-1059.4,780.65,56,2
182.04,45.21,-121.97,-170.21,8.19,-1059.4,780.65,100,2
168.88,42.22,-124.25,-158.33,10.83,-1080.8,796.15,3,1
168.88,42.22,-124.25,-158.33,10.83,-1080.8,796.15,14,1
168.88,42.22,-124.25,-158.33,10.83,-1080.8,796.15,28,2
168.88,42.22,-124.25,-158.33,10.83,-1080.8,796.15,56,2
168.88,42.22,-124.25,-158.33,10.83,-1080.8,796.15,100,2
290.35,0.0,-96.18,-168.08,9.41,-961.18,865.0,3,1
290.35,0.0,-96.18,-168.08,9.41,-961.18,865.0,14,2
290.35,0.0,-96.18,-168.08,9.41,-961.18,865.0,28,2
290.35,0.0,-96.18,-168.08,9.41,-961.18,865.0,56,2
290.35,0.0,-96.18,-168.08,9.41,-961.18,865.0,100,2
277.05,0.0,-97.39,-160.6,11.83,-973.9,875.61,3,1
277.05,0.0,-97.39,-160.6,11.83,-973.9,875.61,14,2
277.05,0.0,-97.39,-160.6,11.83,-973.9,875.61,28,2
277.05,0.0,-97.39,-160.6,11.83,-973.9,875.61,56,2
277.05,0.0,-97.39,-160.6,11.83,-973.9,875.61,100,2
295.71,0.0,-95.64,-171.54,8.87,-955.14,859.2,3,1
295.71,0.0,-95.64,-171.54,8.87,-955.14,859.2,14,2
295.71,0.0,-95.64,-171.54,8.87,-955.14,859.2,28,2
295.71,0.0,-95.64,-171.54,8.87,-955.14,859.2,56,2
295.71,0.0,-95.64,-171.54,8.87,-955.14,859.2,100,2
251.81,0.0,-99.94,-146.14,12.35,-1006.0,899.76,3,1
251.81,0.0,-99.94,-146.14,12.35,-1006.0,899.76,14,2
251.81,0.0,-99.94,-146.14,12.35,-1006.0,899.76,28,2
251.81,0.0,-99.94,-146.14,12.35,-1006.0,899.76,56,2
251.81,0.0,-99.94,-146.14,12.35,-1006.0,899.76,100,2
249.1,0.0,-98.75,-158.11,12.8,-987.76,889.01,3,1
249.1,0.0,-98.75,-158.11,12.8,-987.76,889.01,14,2
249.1,0.0,-98.75,-158.11,12.8,-987.76,889.01,28,2
249.1,0.0,-98.75,-158.11,12.8,-987.76,889.01,56,2
249.1,0.0,-98.75,-158.11,12.8,-987.76,889.01,100,2
252.31,0.0,-98.75,-146.25,14.17,-987.76,889.01,3,1
252.31,0.0,-98.75,-146.25,14.17,-987.76,889.01,14,2
252.31,0.0,-98.75,-146.25,14.17,-987.76,889.01,28,2
252.31,0.0,-98.75,-146.25,14.17,-987.76,889.01,56,2
252.31,0.0,-98.75,-146.25,14.17,-987.76,889.01,100,2
246.83,0.0,-125.08,-143.3,11.99,-1086.8,800.89,3,1
246.83,0.0,-125.08,-143.3,11.99,-1086.8,800.89,14,2
246.83,0.0,-125.08,-143.3,11.99,-1086.8,800.89,28,2
246.83,0.0,-125.08,-143.3,11.99,-1086.8,800.89,56,2
246.83,0.0,-125.08,-143.3,11.99,-1086.8,800.89,100,2
275.07,0.0,-121.35,-159.48,9.9,-1053.6,777.5,3,1
275.07,0.0,-121.35,-159.48,9.9,-1053.6,777.5,14,2
275.07,0.0,-121.35,-159.48,9.9,-1053.6,777.5,28,2
275.07,0.0,-121.35,-159.48,9.9,-1053.6,777.5,56,2
275.07,0.0,-121.35,-159.48,9.9,-1053.6,777.5,100,2
297.16,0.0,-117.54,-174.8,9.52,-1022.8,753.45,3,1
297.16,0.0,-117.54,-174.8,9.52,-1022.8,753.45,14,2
297.16,0.0,-117.54,-174.8,9.52,-1022.8,753.45,28,2
297.16,0.0,-117.54,-174.8,9.52,-1022.8,753.45,56,2
297.16,0.0,-117.54,-174.8,9.52,-1022.8,753.45,100,2
213.74,0.0,-174.74,-154.79,10.16,-1053.5,776.35,3,1
213.74,0.0,-174.74,-154.79,10.16,-1053.5,776.35,14,2
213.74,0.0,-174.74,-154.79,10.16,-1053.5,776.35,28,2
213.74,0.0,-174.74,-154.79,10.16,-1053.5,776.35,56,2
213.74,0.0,-174.74,-154.79,10.16,-1053.5,776.35,100,2
213.5,0.0,-174.24,-154.61,11.66,-1052.3,775.48,3,1
213.5,0.0,-174.24,-154.61,11.66,-1052.3,775.48,14,2
213.5,0.0,-174.24,-154.61,11.66,-1052.3,775.48,28,2
213.5,0.0,-174.24,-154.61,11.66,-1052.3,775.48,56,2
213.5,0.0,-174.24,-154.61,11.66,-1052.3,775.48,100,2
277.19,97.82,-24.46,-160.7,11.19,-1061.7,782.46,3,2
277.19,97.82,-24.46,-160.7,11.19,-1061.7,782.46,14,2
277.19,97.82,-24.46,-160.7,11.19,-1061.7,782.46,28,2
277.19,97.82,-24.46,-160.7,11.19,-1061.7,782.46,56,2
277.19,97.82,-24.46,-160.7,11.19,-1061.7,782.46,100,2
218.23,54.64,-123.78,-140.75,11.91,-1075.7,792.67,3,2
218.23,54.64,-123.78,-140.75,11.91,-1075.7,792.67,14,2
218.23,54.64,-123.78,-140.75,11.91,-1075.7,792.67,28,2
218.23,54.64,-123.78,-140.75,11.91,-1075.7,792.67,56,2
218.23,54.64,-123.78,-140.75,11.91,-1075.7,792.67,100,2
214.9,53.8,-121.89,-155.63,9.61,-1014.3,780.58,3,1
214.9,53.8,-121.89,-155.63,9.61,-1014.3,780.58,14,2
214.9,53.8,-121.89,-155.63,9.61,-1014.3,780.58,28,2
214.9,53.8,-121.89,-155.63,9.61,-1014.3,780.58,56,2
214.9,53.8,-121.89,-155.63,9.61,-1014.3,780.58,100,2
218.85,0.0,-124.13,-158.49,11.33,-1078.7,794.91,3,1
218.85,0.0,-124.13,-158.49,11.33,-1078.7,794.91,14,2
218.85,0.0,-124.13,-158.49,11.33,-1078.7,794.91,28,2
218.85,0.0,-124.13,-158.49,11.33,-1078.7,794.91,56,2
218.85,0.0,-124.13,-158.49,11.33,-1078.7,794.91,100,2
376.0,0.0,-0.0,-214.6,0.0,-1003.5,762.36,3,1
376.0,0.0,-0.0,-214.6,0.0,-1003.5,762.36,14,2
376.0,0.0,-0.0,-214.6,0.0,-1003.5,762.36,28,2
376.0,0.0,-0.0,-214.6,0.0,-1003.5,762.36,56,2
376.0,0.0,-0.0,-214.6,0.0,-1003.5,762.36,100,2
500.0,0.0,-0.0,-140.0,4.0,-966.0,853.0,28,2
475.0,0.0,-59.0,-142.0,1.9,-1098.0,641.0,28,2
315.0,137.0,-0.0,-145.0,5.9,-1130.0,745.0,28,2
505.0,0.0,-60.0,-195.0,0.0,-1030.0,630.0,28,2
451.0,0.0,-0.0,-165.0,11.25,-1030.0,745.0,28,2
516.0,0.0,-0.0,-162.0,8.2,-801.0,802.0,28,2
520.0,0.0,-0.0,-170.0,5.2,-855.0,855.0,28,2
528.0,0.0,-0.0,-185.0,6.86,-920.0,720.0,28,2
520.0,0.0,-0.0,-175.0,5.2,-870.0,805.0,28,2
385.0,0.0,-136.0,-158.0,20.0,-903.0,768.0,28,2
500.1,0.0,-0.0,-200.0,3.0,-1124.4,613.2,28,2
450.1,50.0,-0.0,-200.0,3.0,-1124.4,613.2,28,2
397.0,17.2,-158.0,-167.0,20.8,-967.0,633.0,28,2
333.0,17.5,-163.0,-167.0,17.9,-996.0,652.0,28,2
334.0,17.6,-158.0,-189.0,15.3,-967.0,633.0,28,2
405.0,0.0,-0.0,-175.0,0.0,-1120.0,695.0,28,2
200.0,200.0,-0.0,-190.0,0.0,-1145.0,660.0,28,2
516.0,0.0,-0.0,-162.0,8.26,-801.0,802.0,28,2
145.0,116.0,-119.0,-184.0,5.7,-833.0,880.0,28,2
160.0,128.0,-122.0,-182.0,6.4,-824.0,879.0,28,2
234.0,156.0,-0.0,-189.0,5.85,-981.0,760.0,28,2
250.0,180.0,-95.0,-159.0,9.45,-860.0,800.0,28,2
475.0,0.0,-0.0,-162.0,9.5,-1044.0,662.0,28,2
285.0,190.0,-0.0,-163.0,7.6,-1031.0,685.0,28,2
356.0,119.0,-0.0,-160.0,9.03,-1061.0,657.0,28,2
275.0,180.0,-120.0,-162.0,10.35,-830.0,765.0,28,2
500.0,0.0,-0.0,-151.0,9.0,-1033.0,655.0,28,2
165.0,0.02,-143.57,-163.81,0.0,-1005.6,900.9,3,1
165.0,128.5,-132.1,-175.06,8.08,-1005.8,746.6,3,1
178.03,129.8,-118.6,-179.94,3.57,-1007.3,746.8,3,1
167.35,129.9,-128.62,-175.46,7.79,-1006.3,746.6,3,1
172.38,13.61,-172.37,-156.76,4.14,-1006.3,856.4,3,1
173.54,50.05,-173.53,-164.77,6.47,-1006.2,793.5,3,1
167.0,75.4,-167.0,-164.03,7.91,-1007.3,770.1,3,1
173.81,93.37,-159.9,-172.34,9.73,-1007.2,746.6,3,1
190.34,0.0,-125.18,-166.61,9.88,-1079.0,798.9,3,1
250.0,0.0,-95.69,-191.84,5.33,-948.9,857.2,3,1
213.5,0.0,-174.24,-159.21,11.66,-1043.6,771.9,3,1
194.68,0.0,-100.52,-170.17,7.48,-998.0,901.8,3,1
251.37,0.0,-118.27,-192.94,5.75,-1043.6,754.3,3,1
165.0,0.02,-143.57,-163.81,0.0,-1005.6,900.9,14,1
165.0,128.5,-132.1,-175.06,8.08,-1005.8,746.6,14,2
178.03,129.8,-118.6,-179.94,3.57,-1007.3,746.8,14,2
167.35,129.9,-128.62,-175.46,7.79,-1006.3,746.6,14,2
172.38,13.61,-172.37,-156.76,4.14,-1006.3,856.4,14,2
173.54,50.05,-173.53,-164.77,6.47,-1006.2,793.5,14,2
167.0,75.4,-167.0,-164.03,7.91,-1007.3,770.1,14,2
173.81,93.37,-159.9,-172.34,9.73,-1007.2,746.6,14,2
190.34,0.0,-125.18,-166.61,9.88,-1079.0,798.9,14,1
250.0,0.0,-95.69,-191.84,5.33,-948.9,857.2,14,1
213.5,0.0,-174.24,-159.21,11.66,-1043.6,771.9,14,2
194.68,0.0,-100.52,-170.17,7.48,-998.0,901.8,14,1
251.37,0.0,-118.27,-192.94,5.75,-1043.6,754.3,14,1
165.0,0.02,-143.57,-163.81,0.0,-1005.6,900.9,28,2
165.0,128.5,-132.1,-175.06,8.08,-1005.8,746.6,28,2
178.03,129.8,-118.6,-179.94,3.57,-1007.3,746.8,28,2
167.35,129.9,-128.62,-175.46,7.79,-1006.3,746.6,28,2
172.38,13.61,-172.37,-156.76,4.14,-1006.3,856.4,28,2
173.54,50.05,-173.53,-164.77,6.47,-1006.2,793.5,28,2
167.0,75.4,-167.0,-164.03,7.91,-1007.3,770.1,28,2
173.81,93.37,-159.9,-172.34,9.73,-1007.2,746.6,28,2
190.34,0.0,-125.18,-166.61,9.88,-1079.0,798.9,28,1
250.0,0.0,-95.69,-191.84,5.33,-948.9,857.2,28,2
213.5,0.0,-174.24,-159.21,11.66,-1043.6,771.9,28,2
194.68,0.0,-100.52,-170.17,7.48,-998.0,901.8,28,2
251.37,0.0,-118.27,-192.94,5.75,-1043.6,754.3,28,2
165.0,0.02,-143.57,-163.81,0.0,-1005.6,900.9,56,2
165.0,128.5,-132.1,-175.06,8.08,-1005.8,746.6,56,2
178.03,129.8,-118.6,-179.94,3.57,-1007.3,746.8,56,2
167.35,129.9,-128.62,-175.46,7.79,-1006.3,746.6,56,2
172.38,13.61,-172.37,-156.76,4.14,-1006.3,856.4,56,2
173.54,50.05,-173.53,-164.77,6.47,-1006.2,793.5,56,2
167.0,75.4,-167.0,-164.03,7.91,-1007.3,770.1,56,2
173.81,93.37,-159.9,-172.34,9.73,-1007.2,746.6,56,2
190.34,0.0,-125.18,-166.61,9.88,-1079.0,798.9,56,2
250.0,0.0,-95.69,-191.84,5.33,-948.9,857.2,56,2
213.5,0.0,-174.24,-159.21,11.66,-1043.6,771.9,56,2
194.68,0.0,-100.52,-170.17,7.48,-998.0,901.8,56,2
251.37,0.0,-118.27,-192.94,5.75,-1043.6,754.3,56,2
165.0,0.02,-143.57,-163.81,0.0,-1005.6,900.9,100,2
165.0,128.5,-132.1,-175.06,8.08,-1005.8,746.6,100,2
178.03,129.8,-118.6,-179.94,3.57,-1007.3,746.8,100,2
167.35,129.9,-128.62,-175.46,7.79,-1006.3,746.6,100,2
172.38,13.61,-172.37,-156.76,4.14,-1006.3,856.4,100,2
173.54,50.05,-173.53,-164.77,6.47,-1006.2,793.5,100,2
167.0,75.4,-167.0,-164.03,7.91,-1007.3,770.1,100,2
173.81,93.37,-159.9,-172.34,9.73,-1007.2,746.6,100,2
190.34,0.0,-125.18,-166.61,9.88,-1079.0,798.9,100,2
250.0,0.0,-95.69,-191.84,5.33,-948.9,857.2,100,2
213.5,0.0,-174.24,-159.21,11.66,-1043.6,771.9,100,2
194.68,0.0,-100.52,-170.17,7.48,-998.0,901.8,100,2
251.37,0.0,-118.27,-192.94,5.75,-1043.6,754.3,100,2
446.0,24.0,-79.0,-162.0,11.61,-967.0,712.0,28,2
446.0,24.0,-79.0,-162.0,11.64,-967.0,712.0,28,2
446.0,24.0,-79.0,-162.0,11.64,-967.0,712.0,28,2
446.0,24.0,-79.0,-162.0,10.3,-967.0,712.0,28,2
446.0,24.0,-79.0,-162.0,11.61,-967.0,712.0,3,2
446.0,24.0,-79.0,-162.0,11.64,-967.0,712.0,3,2
446.0,24.0,-79.0,-162.0,11.64,-967.0,712.0,3,1
446.0,24.0,-79.0,-162.0,11.61,-967.0,712.0,7,2
446.0,24.0,-79.0,-162.0,11.64,-967.0,712.0,7,2
446.0,24.0,-79.0,-162.0,11.64,-967.0,712.0,7,2
446.0,24.0,-79.0,-162.0,11.61,-967.0,712.0,56,2
446.0,24.0,-79.0,-162.0,11.64,-967.0,712.0,56,2
446.0,24.0,-79.0,-162.0,11.64,-967.0,712.0,56,2
446.0,24.0,-79.0,-162.0,10.3,-967.0,712.0,56,2
387.0,20.0,-94.0,-157.0,14.32,-938.0,845.0,28,2
387.0,20.0,-94.0,-157.0,13.93,-938.0,845.0,28,2
387.0,20.0,-94.0,-157.0,11.61,-938.0,845.0,28,2
387.0,20.0,-94.0,-157.0,14.32,-938.0,845.0,3,1
387.0,20.0,-94.0,-157.0,13.93,-938.0,845.0,3,2
387.0,20.0,-94.0,-157.0,11.61,-938.0,845.0,3,2
387.0,20.0,-94.0,-157.0,14.32,-938.0,845.0,7,2
387.0,20.0,-94.0,-157.0,13.93,-938.0,845.0,7,2
387.0,20.0,-94.0,-157.0,11.61,-938.0,845.0,7,2
387.0,20.0,-94.0,-157.0,14.32,-938.0,845.0,56,2
387.0,20.0,-94.0,-157.0,13.93,-938.0,845.0,56,2
387.0,20.0,-94.0,-157.0,11.61,-938.0,845.0,56,2
355.0,19.0,-97.0,-145.0,13.13,-967.0,871.0,28,2
355.0,19.0,-97.0,-145.0,12.25,-967.0,871.0,28,2
491.0,26.0,-123.0,-210.0,3.93,-882.0,699.0,28,2
491.0,26.0,-123.0,-201.0,3.93,-822.0,699.0,28,2
491.0,26.0,-123.0,-210.0,3.93,-882.0,699.0,3,2
491.0,26.0,-123.0,-210.0,3.93,-882.0,699.0,7,2
491.0,26.0,-123.0,-210.0,3.93,-882.0,699.0,56,2
491.0,26.0,-123.0,-201.0,3.93,-822.0,699.0,3,2
491.0,26.0,-123.0,-201.0,3.93,-822.0,699.0,7,2
491.0,26.0,-123.0,-201.0,3.93,-822.0,699.0,56,2
424.0,22.0,-132.0,-178.0,8.48,-822.0,750.0,28,2
424.0,22.0,-132.0,-178.0,8.48,-882.0,750.0,3,2
424.0,22.0,-132.0,-168.0,8.92,-822.0,750.0,28,2
424.0,22.0,-132.0,-178.0,8.48,-822.0,750.0,7,2
424.0,22.0,-132.0,-178.0,8.48,-822.0,750.0,56,2
424.0,22.0,-132.0,-168.0,8.92,-822.0,750.0,3,2
424.0,22.0,-132.0,-168.0,8.92,-822.0,750.0,7,2
424.0,22.0,-132.0,-168.0,8.92,-822.0,750.0,56,2
202.0,11.0,-141.0,-206.0,1.72,-942.0,801.0,28,1
202.0,11.0,-141.0,-206.0,1.72,-942.0,801.0,3,1
202.0,11.0,-141.0,-206.0,1.72,-942.0,801.0,7,1
202.0,11.0,-141.0,-206.0,1.72,-942.0,801.0,56,1
284.0,15.0,-141.0,-179.0,5.46,-842.0,801.0,28,2
284.0,15.0,-141.0,-179.0,5.46,-842.0,801.0,3,1
284.0,15.0,-141.0,-179.0,5.46,-842.0,801.0,7,1
284.0,15.0,-141.0,-179.0,5.46,-842.0,801.0,56,2
359.0,19.0,-141.0,-154.0,10.91,-942.0,801.0,28,2
359.0,19.0,-141.0,-154.0,10.91,-942.0,801.0,28,2
359.0,19.0,-141.0,-154.0,10.91,-942.0,801.0,3,2
359.0,19.0,-141.0,-154.0,10.91,-942.0,801.0,3,1
359.0,19.0,-141.0,-154.0,10.91,-942.0,801.0,7,2
359.0,19.0,-141.0,-154.0,10.91,-942.0,801.0,7,2
359.0,19.0,-141.0,-154.0,10.91,-942.0,801.0,56,2
359.0,19.0,-141.0,-154.0,10.91,-942.0,801.0,56,2
436.0,0.0,-0.0,-218.0,0.0,-838.4,719.7,28,1
289.0,0.0,-0.0,-192.0,0.0,-913.2,895.3,90,2
289.0,0.0,-0.0,-192.0,0.0,-913.2,895.3,3,1
393.0,0.0,-0.0,-192.0,0.0,-940.6,785.6,3,1
393.0,0.0,-0.0,-192.0,0.0,-940.6,785.6,90,2
393.0,0.0,-0.0,-192.0,0.0,-940.6,785.6,28,2
480.0,0.0,-0.0,-192.0,0.0,-936.2,712.2,28,2
480.0,0.0,-0.0,-192.0,0.0,-936.2,712.2,7,2
480.0,0.0,-0.0,-192.0,0.0,-936.2,712.2,90,2
480.0,0.0,-0.0,-192.0,0.0,-936.2,712.2,3,1
333.0,0.0,-0.0,-192.0,0.0,-931.2,842.6,3,1
255.0,0.0,-0.0,-192.0,0.0,-889.8,945.0,90,1
255.0,0.0,-0.0,-192.0,0.0,-889.8,945.0,7,1
289.0,0.0,-0.0,-192.0,0.0,-913.2,895.3,7,1
255.0,0.0,-0.0,-192.0,0.0,-889.8,945.0,28,1
333.0,0.0,-0.0,-192.0,0.0,-931.2,842.6,28,2
333.0,0.0,-0.0,-192.0,0.0,-931.2,842.6,7,1
289.0,0.0,-0.0,-192.0,0.0,-913.2,895.3,28,2
333.0,0.0,-0.0,-192.0,0.0,-931.2,842.6,90,2
393.0,0.0,-0.0,-192.0,0.0,-940.6,785.6,7,2
255.0,0.0,-0.0,-192.0,0.0,-889.8,945.0,3,1
158.8,238.2,-0.0,-185.7,0.0,-1040.6,734.3,7,1
239.6,359.4,-0.0,-185.7,0.0,-941.6,664.3,7,2
238.2,158.8,-0.0,-185.7,0.0,-1040.6,734.3,7,1
181.9,272.8,-0.0,-185.7,0.0,-1012.4,714.3,28,2
193.5,290.2,-0.0,-185.7,0.0,-998.2,704.3,28,2
255.5,170.3,-0.0,-185.7,0.0,-1026.6,724.3,7,1
272.8,181.9,-0.0,-185.7,0.0,-1012.4,714.3,7,1
239.6,359.4,-0.0,-185.7,0.0,-941.6,664.3,28,2
220.8,147.2,-0.0,-185.7,0.0,-1055.0,744.3,28,2
397.0,0.0,-0.0,-185.7,0.0,-1040.6,734.3,28,2
382.5,0.0,-0.0,-185.7,0.0,-1047.8,739.3,7,1
210.7,316.1,-0.0,-185.7,0.0,-977.0,689.3,7,1
158.8,238.2,-0.0,-185.7,0.0,-1040.6,734.3,28,1
295.8,0.0,-0.0,-185.7,0.0,-1091.4,769.3,7,1
255.5,170.3,-0.0,-185.7,0.0,-1026.6,724.3,28,2
203.5,135.7,-0.0,-185.7,0.0,-1076.2,759.3,7,1
397.0,0.0,-0.0,-185.7,0.0,-1040.6,734.3,7,2
381.4,0.0,-0.0,-185.7,0.0,-1104.6,784.3,28,1
295.8,0.0,-0.0,-185.7,0.0,-1091.4,769.3,28,2
228.0,342.1,-0.0,-185.7,0.0,-955.8,674.3,28,2
220.8,147.2,-0.0,-185.7,0.0,-1055.0,744.3,7,1
316.1,210.7,-0.0,-185.7,0.0,-977.0,689.3,28,2
135.7,203.5,-0.0,-185.7,0.0,-1076.2,759.3,7,1
238.1,0.0,-0.0,-185.7,0.0,-1118.8,789.3,28,1
339.2,0.0,-0.0,-185.7,0.0,-1069.2,754.3,7,1
135.7,203.5,-0.0,-185.7,0.0,-1076.2,759.3,28,1
193.5,290.2,-0.0,-185.7,0.0,-998.2,704.3,7,1
203.5,135.7,-0.0,-185.7,0.0,-1076.2,759.3,28,1
290.2,193.5,-0.0,-185.7,0.0,-998.2,704.3,7,1
181.9,272.8,-0.0,-185.7,0.0,-1012.4,714.3,7,1
170.3,155.5,-0.0,-185.7,0.0,-1026.6,724.3,28,2
210.7,316.1,-0.0,-185.7,0.0,-977.0,689.3,28,2
228.0,342.1,-0.0,-185.7,0.0,-955.8,674.3,7,1
290.2,193.5,-0.0,-185.7,0.0,-998.2,704.3,28,2
381.4,0.0,-0.0,-185.7,0.0,-1104.6,784.3,7,1
238.2,158.8,-0.0,-185.7,0.0,-1040.6,734.3,28,2
186.2,124.1,-0.0,-185.7,0.0,-1083.4,764.3,7,1
339.2,0.0,-0.0,-185.7,0.0,-1069.2,754.3,28,2
238.1,0.0,-0.0,-185.7,0.0,-1118.8,789.3,7,1
252.5,0.0,-0.0,-185.7,0.0,-1111.6,784.3,28,1
382.5,0.0,-0.0,-185.7,0.0,-1047.8,739.3,28,2
252.5,0.0,-0.0,-185.7,0.0,-1111.6,784.3,7,1
316.1,210.7,-0.0,-185.7,0.0,-977.0,689.3,7,1
186.2,124.1,-0.0,-185.7,0.0,-1083.4,764.3,28,1
170.3,155.5,-0.0,-185.7,0.0,-1026.6,724.3,7,1
272.8,181.9,-0.0,-185.7,0.0,-1012.4,714.3,28,2
339.0,0.0,-0.0,-197.0,0.0,-968.0,781.0,3,1
339.0,0.0,-0.0,-197.0,0.0,-968.0,781.0,7,1
339.0,0.0,-0.0,-197.0,0.0,-968.0,781.0,14,2
339.0,0.0,-0.0,-197.0,0.0,-968.0,781.0,28,2
339.0,0.0,-0.0,-197.0,0.0,-968.0,781.0,90,2
339.0,0.0,-0.0,-197.0,0.0,-968.0,781.0,180,2
339.0,0.0,-0.0,-197.0,0.0,-968.0,781.0,365,2
236.0,0.0,-0.0,-194.0,0.0,-968.0,885.0,3,1
236.0,0.0,-0.0,-194.0,0.0,-968.0,885.0,14,1
236.0,0.0,-0.0,-194.0,0.0,-968.0,885.0,28,1
236.0,0.0,-0.0,-194.0,0.0,-968.0,885.0,90,1
236.0,0.0,-0.0,-193.0,0.0,-968.0,885.0,180,1
236.0,0.0,-0.0,-193.0,0.0,-968.0,885.0,365,2
277.0,0.0,-0.0,-191.0,0.0,-968.0,856.0,14,1
277.0,0.0,-0.0,-191.0,0.0,-968.0,856.0,28,2
277.0,0.0,-0.0,-191.0,0.0,-968.0,856.0,3,1
277.0,0.0,-0.0,-191.0,0.0,-968.0,856.0,90,2
277.0,0.0,-0.0,-191.0,0.0,-968.0,856.0,180,2
277.0,0.0,-0.0,-191.0,0.0,-968.0,856.0,360,2
254.0,0.0,-0.0,-198.0,0.0,-968.0,863.0,3,1
254.0,0.0,-0.0,-198.0,0.0,-968.0,863.0,90,2
254.0,0.0,-0.0,-198.0,0.0,-968.0,863.0,180,2
254.0,0.0,-0.0,-198.0,0.0,-968.0,863.0,365,2
307.0,0.0,-0.0,-193.0,0.0,-968.0,812.0,180,2
307.0,0.0,-0.0,-193.0,0.0,-968.0,812.0,365,2
307.0,0.0,-0.0,-193.0,0.0,-968.0,812.0,3,1
307.0,0.0,-0.0,-193.0,0.0,-968.0,812.0,28,2
307.0,0.0,-0.0,-193.0,0.0,-968.0,812.0,90,2
236.0,0.0,-0.0,-193.0,0.0,-968.0,885.0,7,1
200.0,0.0,-0.0,-180.0,0.0,-1125.0,845.0,7,1
200.0,0.0,-0.0,-180.0,0.0,-1125.0,845.0,28,1
225.0,0.0,-0.0,-181.0,0.0,-1113.0,833.0,7,1
225.0,0.0,-0.0,-181.0,0.0,-1113.0,833.0,28,1
325.0,0.0,-0.0,-184.0,0.0,-1063.0,783.0,7,1
325.0,0.0,-0.0,-184.0,0.0,-1063.0,783.0,28,2
275.0,0.0,-0.0,-183.0,0.0,-1088.0,808.0,7,1
275.0,0.0,-0.0,-183.0,0.0,-1088.0,808.0,28,1
300.0,0.0,-0.0,-184.0,0.0,-1075.0,795.0,7,1
300.0,0.0,-0.0,-184.0,0.0,-1075.0,795.0,28,2
375.0,0.0,-0.0,-186.0,0.0,-1038.0,758.0,7,2
375.0,0.0,-0.0,-186.0,0.0,-1038.0,758.0,28,2
400.0,0.0,-0.0,-187.0,0.0,-1025.0,745.0,28,2
400.0,0.0,-0.0,-187.0,0.0,-1025.0,745.0,7,2
250.0,0.0,-0.0,-182.0,0.0,-1100.0,820.0,7,1
250.0,0.0,-0.0,-182.0,0.0,-1100.0,820.0,28,1
350.0,0.0,-0.0,-186.0,0.0,-1050.0,770.0,7,1
350.0,0.0,-0.0,-186.0,0.0,-1050.0,770.0,28,2
203.5,305.3,-0.0,-203.5,0.0,-963.4,630.0,7,1
250.2,166.8,-0.0,-203.5,0.0,-977.6,694.1,90,2
157.0,236.0,-0.0,-192.0,0.0,-935.4,781.2,90,2
141.3,212.0,-0.0,-203.5,0.0,-971.8,748.5,28,2
166.8,250.2,-0.0,-203.5,0.0,-975.6,692.6,3,1
122.6,183.9,-0.0,-203.5,0.0,-958.2,800.1,90,2
183.9,122.6,-0.0,-203.5,0.0,-959.2,800.0,3,1
102.0,153.0,-0.0,-192.0,0.0,-887.0,942.0,3,1
102.0,153.0,-0.0,-192.0,0.0,-887.0,942.0,90,2
122.6,183.9,-0.0,-203.5,0.0,-958.2,800.1,28,1
166.8,250.2,-0.0,-203.5,0.0,-975.6,692.6,28,2
200.0,133.0,-0.0,-192.0,0.0,-965.4,806.2,3,1
108.3,162.4,-0.0,-203.5,0.0,-938.2,849.0,28,1
305.3,203.5,-0.0,-203.5,0.0,-965.4,631.0,7,2
108.3,162.4,-0.0,-203.5,0.0,-938.2,849.0,90,2
116.0,173.0,-0.0,-192.0,0.0,-909.8,891.9,90,2
141.3,212.0,-0.0,-203.5,0.0,-971.8,748.5,7,1
157.0,236.0,-0.0,-192.0,0.0,-935.4,781.2,28,2
133.0,200.0,-0.0,-192.0,0.0,-927.4,839.2,28,2
250.2,166.8,-0.0,-203.5,0.0,-977.6,694.1,7,1
173.0,116.0,-0.0,-192.0,0.0,-946.8,856.8,7,1
192.0,288.0,-0.0,-192.0,0.0,-929.8,716.1,3,1
192.0,288.0,-0.0,-192.0,0.0,-929.8,716.1,28,2
153.0,102.0,-0.0,-192.0,0.0,-888.0,943.1,3,1
288.0,192.0,-0.0,-192.0,0.0,-932.0,717.8,3,1
305.3,203.5,-0.0,-203.5,0.0,-965.4,631.0,28,2
236.0,157.0,-0.0,-192.0,0.0,-972.6,749.1,7,1
173.0,116.0,-0.0,-192.0,0.0,-946.8,856.8,3,1
212.0,141.3,-0.0,-203.5,0.0,-973.4,750.0,7,1
236.0,157.0,-0.0,-192.0,0.0,-972.6,749.1,3,1
183.9,122.6,-0.0,-203.5,0.0,-959.2,800.0,90,2
166.8,250.2,-0.0,-203.5,0.0,-975.6,692.6,7,1
102.0,153.0,-0.0,-192.0,0.0,-887.0,942.0,7,1
288.0,192.0,-0.0,-192.0,0.0,-932.0,717.8,28,2
212.0,141.3,-0.0,-203.5,0.0,-973.4,750.0,28,2
102.0,153.0,-0.0,-192.0,0.0,-887.0,942.0,28,1
173.0,116.0,-0.0,-192.0,0.0,-946.8,856.8,28,1
183.9,122.6,-0.0,-203.5,0.0,-959.2,800.0,28,1
133.0,200.0,-0.0,-192.0,0.0,-927.4,839.2,90,2
192.0,288.0,-0.0,-192.0,0.0,-929.8,716.1,90,2
133.0,200.0,-0.0,-192.0,0.0,-927.4,839.2,7,1
305.3,203.5,-0.0,-203.5,0.0,-965.4,631.0,3,1
236.0,157.0,-0.0,-192.0,0.0,-972.6,749.1,90,2
108.3,162.4,-0.0,-203.5,0.0,-938.2,849.0,3,1
157.0,236.0,-0.0,-192.0,0.0,-935.4,781.2,7,1
288.0,192.0,-0.0,-192.0,0.0,-932.0,717.8,7,1
212.0,141.3,-0.0,-203.5,0.0,-973.4,750.0,3,1
212.0,141.3,-0.0,-203.5,0.0,-973.4,750.0,90,2
153.0,102.0,-0.0,-192.0,0.0,-888.0,943.1,28,1
236.0,157.0,-0.0,-192.0,0.0,-972.6,749.1,28,2
116.0,173.0,-0.0,-192.0,0.0,-909.8,891.9,28,1
183.9,122.6,-0.0,-203.5,0.0,-959.2,800.0,7,1
108.3,162.4,-0.0,-203.5,0.0,-938.2,849.0,7,1
203.5,305.3,-0.0,-203.5,0.0,-963.4,630.0,28,2
203.5,305.3,-0.0,-203.5,0.0,-963.4,630.0,3,1
133.0,200.0,-0.0,-192.0,0.0,-927.4,839.2,3,1
288.0,192.0,-0.0,-192.0,0.0,-932.0,717.8,90,2
200.0,133.0,-0.0,-192.0,0.0,-965.4,806.2,7,1
200.0,133.0,-0.0,-192.0,0.0,-965.4,806.2,28,2
250.2,166.8,-0.0,-203.5,0.0,-977.6,694.1,3,1
122.6,183.9,-0.0,-203.5,0.0,-958.2,800.1,3,1
153.0,102.0,-0.0,-192.0,0.0,-888.0,943.1,90,2
200.0,133.0,-0.0,-192.0,0.0,-965.4,806.2,90,2
116.0,173.0,-0.0,-192.0,0.0,-909.8,891.9,3,1
173.0,116.0,-0.0,-192.0,0.0,-946.8,856.8,90,2
250.2,166.8,-0.0,-203.5,0.0,-977.6,694.1,28,2
305.3,203.5,-0.0,-203.5,0.0,-965.4,631.0,90,2
192.0,288.0,-0.0,-192.0,0.0,-929.8,716.1,7,1
157.0,236.0,-0.0,-192.0,0.0,-935.4,781.2,3,1
153.0,102.0,-0.0,-192.0,0.0,-888.0,943.1,7,1
141.3,212.0,-0.0,-203.5,0.0,-971.8,748.5,90,2
116.0,173.0,-0.0,-192.0,0.0,-909.8,891.9,7,1
141.3,212.0,-0.0,-203.5,0.0,-971.8,748.5,3,1
122.6,183.9,-0.0,-203.5,0.0,-958.2,800.1,7,1
166.8,250.2,-0.0,-203.5,0.0,-975.6,692.6,90,2
203.5,305.3,-0.0,-203.5,0.0,-963.4,630.0,90,2
310.0,0.0,-0.0,-192.0,0.0,-1012.0,830.0,3,1
310.0,0.0,-0.0,-192.0,0.0,-1012.0,830.0,7,1
310.0,0.0,-0.0,-192.0,0.0,-1012.0,830.0,28,2
310.0,0.0,-0.0,-192.0,0.0,-1012.0,830.0,90,2
310.0,0.0,-0.0,-192.0,0.0,-1012.0,830.0,120,2
331.0,0.0,-0.0,-192.0,0.0,-1025.0,821.0,3,1
331.0,0.0,-0.0,-192.0,0.0,-1025.0,821.0,7,1
331.0,0.0,-0.0,-192.0,0.0,-1025.0,821.0,28,2
331.0,0.0,-0.0,-192.0,0.0,-1025.0,821.0,90,2
331.0,0.0,-0.0,-192.0,0.0,-1025.0,821.0,120,2
349.0,0.0,-0.0,-192.0,0.0,-1056.0,809.0,3,1
349.0,0.0,-0.0,-192.0,0.0,-1056.0,809.0,7,1
349.0,0.0,-0.0,-192.0,0.0,-1056.0,809.0,28,2
349.0,0.0,-0.0,-192.0,0.0,-1056.0,809.0,90,2
349.0,0.0,-0.0,-192.0,0.0,-1056.0,809.0,120,2
238.0,0.0,-0.0,-186.0,0.0,-1119.0,789.0,7,1
238.0,0.0,-0.0,-186.0,0.0,-1119.0,789.0,28,1
296.0,0.0,-0.0,-186.0,0.0,-1090.0,769.0,7,1
296.0,0.0,-0.0,-186.0,0.0,-1090.0,769.0,28,2
297.0,0.0,-0.0,-186.0,0.0,-1040.0,734.0,7,2
480.0,0.0,-0.0,-192.0,0.0,-936.0,721.0,28,2
480.0,0.0,-0.0,-192.0,0.0,-936.0,721.0,90,2
397.0,0.0,-0.0,-186.0,0.0,-1040.0,734.0,28,2
281.0,0.0,-0.0,-186.0,0.0,-1104.0,774.0,7,1
281.0,0.0,-0.0,-185.0,0.0,-1104.0,774.0,28,1
500.0,0.0,-0.0,-200.0,0.0,-1125.0,613.0,1,1
500.0,0.0,-0.0,-200.0,0.0,-1125.0,613.0,3,2
500.0,0.0,-0.0,-200.0,0.0,-1125.0,613.0,7,2
500.0,0.0,-0.0,-200.0,0.0,-1125.0,613.0,14,2
500.0,0.0,-0.0,-200.0,0.0,-1125.0,613.0,28,2
540.0,0.0,-0.0,-173.0,0.0,-1125.0,613.0,7,2
540.0,0.0,-0.0,-173.0,0.0,-1125.0,613.0,14,2
540.0,0.0,-0.0,-173.0,0.0,-1125.0,613.0,28,2
540.0,0.0,-0.0,-173.0,0.0,-1125.0,613.0,90,2
540.0,0.0,-0.0,-173.0,0.0,-1125.0,613.0,180,2
540.0,0.0,-0.0,-173.0,0.0,-1125.0,613.0,270,2
350.0,0.0,-0.0,-203.0,0.0,-974.0,775.0,7,1
350.0,0.0,-0.0,-203.0,0.0,-974.0,775.0,14,1
350.0,0.0,-0.0,-203.0,0.0,-974.0,775.0,28,2
350.0,0.0,-0.0,-203.0,0.0,-974.0,775.0,56,2
350.0,0.0,-0.0,-203.0,0.0,-974.0,775.0,90,2
350.0,0.0,-0.0,-203.0,0.0,-974.0,775.0,180,2
385.0,0.0,-0.0,-186.0,0.0,-966.0,763.0,1,1
385.0,0.0,-0.0,-186.0,0.0,-966.0,763.0,3,1
385.0,0.0,-0.0,-186.0,0.0,-966.0,763.0,7,1
385.0,0.0,-0.0,-186.0,0.0,-966.0,763.0,14,2
385.0,0.0,-0.0,-186.0,0.0,-966.0,763.0,28,2
331.0,0.0,-0.0,-192.0,0.0,-978.0,825.0,180,2
331.0,0.0,-0.0,-192.0,0.0,-978.0,825.0,360,2
349.0,0.0,-0.0,-192.0,0.0,-1047.0,806.0,3,1
331.0,0.0,-0.0,-192.0,0.0,-978.0,825.0,3,1
382.0,0.0,-0.0,-186.0,0.0,-1047.0,739.0,7,1
382.0,0.0,-0.0,-186.0,0.0,-1047.0,739.0,28,2
382.0,0.0,-0.0,-186.0,0.0,-1111.0,784.0,7,1
281.0,0.0,-0.0,-186.0,0.0,-1104.0,774.0,28,1
339.0,0.0,-0.0,-185.0,0.0,-1069.0,754.0,7,1
339.0,0.0,-0.0,-185.0,0.0,-1069.0,754.0,28,2
295.0,0.0,-0.0,-185.0,0.0,-1069.0,769.0,7,1
295.0,0.0,-0.0,-185.0,0.0,-1069.0,769.0,28,2
238.0,0.0,-0.0,-185.0,0.0,-1118.0,789.0,28,1
296.0,0.0,-0.0,-192.0,0.0,-1085.0,765.0,7,1
296.0,0.0,-0.0,-192.0,0.0,-1085.0,765.0,28,1
296.0,0.0,-0.0,-192.0,0.0,-1085.0,765.0,90,2
331.0,0.0,-0.0,-192.0,0.0,-879.0,825.0,3,1
331.0,0.0,-0.0,-192.0,0.0,-978.0,825.0,7,1
331.0,0.0,-0.0,-192.0,0.0,-978.0,825.0,28,2
331.0,0.0,-0.0,-192.0,0.0,-978.0,825.0,90,2
349.0,0.0,-0.0,-192.0,0.0,-1047.0,806.0,7,1
349.0,0.0,-0.0,-192.0,0.0,-1047.0,806.0,28,2
349.0,0.0,-0.0,-192.0,0.0,-1047.0,806.0,90,2
349.0,0.0,-0.0,-192.0,0.0,-1047.0,806.0,180,2
349.0,0.0,-0.0,-192.0,0.0,-1047.0,806.0,360,2
302.0,0.0,-0.0,-203.0,0.0,-974.0,817.0,14,1
302.0,0.0,-0.0,-203.0,0.0,-974.0,817.0,180,2
525.0,0.0,-0.0,-189.0,0.0,-1125.0,613.0,180,2
500.0,0.0,-0.0,-200.0,0.0,-1125.0,613.0,90,2
500.0,0.0,-0.0,-200.0,0.0,-1125.0,613.0,180,2
500.0,0.0,-0.0,-200.0,0.0,-1125.0,613.0,270,2
540.0,0.0,-0.0,-173.0,0.0,-1125.0,613.0,3,2
252.0,0.0,-0.0,-185.0,0.0,-1111.0,784.0,7,1
252.0,0.0,-0.0,-185.0,0.0,-1111.0,784.0,28,1
339.0,0.0,-0.0,-185.0,0.0,-1060.0,754.0,28,2
393.0,0.0,-0.0,-192.0,0.0,-940.0,758.0,3,1
393.0,0.0,-0.0,-192.0,0.0,-940.0,758.0,28,2
393.0,0.0,-0.0,-192.0,0.0,-940.0,758.0,90,2
382.0,0.0,-0.0,-185.0,0.0,-1047.0,739.0,7,1
382.0,0.0,-0.0,-185.0,0.0,-1047.0,739.0,28,2
252.0,0.0,-0.0,-186.0,0.0,-1111.0,784.0,7,1
252.0,0.0,-0.0,-185.0,0.0,-1111.0,784.0,28,1
310.0,0.0,-0.0,-192.0,0.0,-970.0,850.0,7,1
310.0,0.0,-0.0,-192.0,0.0,-970.0,850.0,28,2
310.0,0.0,-0.0,-192.0,0.0,-970.0,850.0,90,2
310.0,0.0,-0.0,-192.0,0.0,-970.0,850.0,180,2
310.0,0.0,-0.0,-192.0,0.0,-970.0,850.0,360,2
525.0,0.0,-0.0,-189.0,0.0,-1125.0,613.0,3,2
525.0,0.0,-0.0,-189.0,0.0,-1125.0,613.0,7,2
525.0,0.0,-0.0,-189.0,0.0,-1125.0,613.0,14,2
525.0,0.0,-0.0,-189.0,0.0,-1125.0,613.0,28,2
525.0,0.0,-0.0,-189.0,0.0,-1125.0,613.0,90,2
525.0,0.0,-0.0,-189.0,0.0,-1125.0,613.0,270,2
322.0,0.0,-0.0,-203.0,0.0,-974.0,800.0,14,1
322.0,0.0,-0.0,-203.0,0.0,-974.0,800.0,28,2
322.0,0.0,-0.0,-203.0,0.0,-974.0,800.0,180,2
302.0,0.0,-0.0,-203.0,0.0,-974.0,817.0,28,1
397.0,0.0,-0.0,-185.0,0.0,-1040.0,734.0,28,2
480.0,0.0,-0.0,-192.0,0.0,-936.0,721.0,3,1
522.0,0.0,-0.0,-146.0,0.0,-896.0,896.0,7,2
522.0,0.0,-0.0,-146.0,0.0,-896.0,896.0,28,2
273.0,105.0,-82.0,-210.0,9.0,-904.0,680.0,28,2
162.0,190.0,-148.0,-179.0,19.0,-838.0,741.0,28,2
154.0,144.0,-112.0,-220.0,10.0,-923.0,658.0,28,1
147.0,115.0,-89.0,-202.0,9.0,-860.0,829.0,28,1
152.0,178.0,-139.0,-168.0,18.0,-944.0,695.0,28,2
310.0,143.0,-111.0,-168.0,22.0,-914.0,651.0,28,2
144.0,0.0,-175.0,-158.0,18.0,-943.0,844.0,28,1
304.0,140.0,-0.0,-214.0,6.0,-895.0,722.0,28,2
374.0,0.0,-0.0,-190.0,7.0,-1013.0,730.0,28,2
159.0,149.0,-116.0,-175.0,15.0,-953.0,720.0,28,2
153.0,239.0,-0.0,-200.0,6.0,-1002.0,684.0,28,2
310.0,143.0,-0.0,-168.0,10.0,-914.0,804.0,28,2
305.0,0.0,-100.0,-196.0,10.0,-959.0,705.0,28,2
151.0,0.0,-184.0,-167.0,12.0,-991.0,772.0,28,1
142.0,167.0,-130.0,-174.0,11.0,-883.0,785.0,28,2
298.0,137.0,-107.0,-201.0,6.0,-878.0,655.0,28,2
321.0,164.0,-0.0,-190.0,5.0,-870.0,774.0,28,2
366.0,187.0,-0.0,-191.0,7.0,-824.0,757.0,28,2
280.0,129.0,-100.0,-172.0,9.0,-825.0,805.0,28,2
252.0,97.0,-76.0,-194.0,8.0,-835.0,821.0,28,2
165.0,0.0,-150.0,-182.0,12.0,-1023.0,729.0,28,1
156.0,243.0,-0.0,-180.0,11.0,-1022.0,698.0,28,2
160.0,188.0,-146.0,-203.0,11.0,-829.0,710.0,28,2
298.0,0.0,-107.0,-186.0,6.0,-879.0,815.0,28,2
318.0,0.0,-126.0,-210.0,6.0,-861.0,737.0,28,2
287.0,121.0,-94.0,-188.0,9.0,-904.0,696.0,28,2
326.0,166.0,-0.0,-174.0,9.0,-882.0,790.0,28,2
356.0,0.0,-142.0,-193.0,11.0,-801.0,778.0,28,2
132.0,207.0,-161.0,-179.0,5.0,-867.0,736.0,28,2
322.0,149.0,-0.0,-186.0,8.0,-951.0,709.0,28,2
164.0,0.0,-200.0,-181.0,13.0,-849.0,846.0,28,1
314.0,0.0,-113.0,-170.0,10.0,-925.0,783.0,28,2
321.0,0.0,-128.0,-182.0,11.0,-870.0,780.0,28,2
140.0,164.0,-128.0,-237.0,6.0,-869.0,656.0,28,2
288.0,121.0,-0.0,-177.0,7.0,-908.0,829.0,28,2
298.0,0.0,-107.0,-210.0,11.0,-880.0,744.0,28,2
265.0,111.0,-86.0,-195.0,6.0,-833.0,790.0,28,2
160.0,250.0,-0.0,-168.0,12.0,-1049.0,688.0,28,2
166.0,260.0,-0.0,-183.0,13.0,-859.0,827.0,28,2
276.0,116.0,-90.0,-180.0,9.0,-870.0,768.0,28,2
322.0,0.0,-116.0,-196.0,10.0,-818.0,813.0,28,2
149.0,139.0,-109.0,-193.0,6.0,-892.0,780.0,28,1
159.0,187.0,-0.0,-176.0,11.0,-990.0,789.0,28,2
261.0,100.0,-78.0,-201.0,9.0,-864.0,761.0,28,2
237.0,92.0,-71.0,-247.0,6.0,-853.0,695.0,28,2
313.0,0.0,-113.0,-178.0,8.0,-1002.0,689.0,28,2
155.0,183.0,-0.0,-193.0,9.0,-1047.0,697.0,28,1
146.0,230.0,-0.0,-202.0,3.0,-827.0,872.0,28,2
296.0,0.0,-107.0,-221.0,11.0,-819.0,778.0,28,2
133.0,210.0,-0.0,-196.0,3.0,-949.0,795.0,28,2
313.0,145.0,-0.0,-178.0,8.0,-867.0,824.0,28,2
152.0,0.0,-112.0,-184.0,8.0,-992.0,816.0,28,1
153.0,145.0,-113.0,-178.0,8.0,-1002.0,689.0,28,2
140.0,133.0,-103.0,-200.0,7.0,-916.0,753.0,28,2
149.0,236.0,-0.0,-176.0,13.0,-847.0,893.0,28,2
300.0,0.0,-120.0,-212.0,10.0,-878.0,728.0,28,1
153.0,145.0,-113.0,-178.0,8.0,-867.0,824.0,28,2
148.0,0.0,-137.0,-158.0,16.0,-1002.0,830.0,28,1
326.0,0.0,-138.0,-199.0,11.0,-801.0,792.0,28,2
153.0,145.0,-0.0,-178.0,8.0,-1000.0,822.0,28,1
262.0,111.0,-86.0,-195.0,5.0,-895.0,733.0,28,2
158.0,0.0,-195.0,-220.0,11.0,-898.0,713.0,28,1
151.0,0.0,-185.0,-167.0,16.0,-1074.0,678.0,28,1
273.0,0.0,-90.0,-199.0,11.0,-931.0,762.0,28,2
149.0,118.0,-92.0,-183.0,7.0,-953.0,780.0,28,1
143.0,169.0,-143.0,-191.0,8.0,-967.0,643.0,28,2
260.0,101.0,-78.0,-171.0,10.0,-936.0,763.0,28,2
313.0,161.0,-0.0,-178.0,10.0,-917.0,759.0,28,2
284.0,120.0,-0.0,-168.0,7.0,-970.0,794.0,28,2
336.0,0.0,-0.0,-182.0,3.0,-986.0,817.0,28,2
145.0,0.0,-134.0,-181.0,11.0,-979.0,812.0,28,1
150.0,237.0,-0.0,-174.0,12.0,-1069.0,675.0,28,2
144.0,170.0,-133.0,-192.0,8.0,-814.0,805.0,28,2
331.0,170.0,-0.0,-195.0,8.0,-811.0,802.0,28,2
155.0,0.0,-143.0,-193.0,9.0,-1047.0,697.0,28,1
155.0,183.0,-0.0,-193.0,9.0,-877.0,868.0,28,1
135.0,0.0,-166.0,-180.0,10.0,-961.0,805.0,28,1
266.0,112.0,-87.0,-178.0,10.0,-910.0,745.0,28,2
314.0,145.0,-113.0,-179.0,8.0,-869.0,690.0,28,2
313.0,145.0,-0.0,-127.0,8.0,-1000.0,822.0,28,2
146.0,173.0,-0.0,-182.0,3.0,-986.0,817.0,28,1
144.0,136.0,-106.0,-178.0,7.0,-941.0,774.0,28,2
148.0,0.0,-182.0,-181.0,15.0,-839.0,884.0,28,1
277.0,117.0,-91.0,-191.0,7.0,-946.0,666.0,28,2
298.0,0.0,-107.0,-164.0,13.0,-953.0,784.0,28,2
313.0,145.0,-0.0,-178.0,8.0,-1002.0,689.0,28,2
155.0,184.0,-143.0,-194.0,9.0,-880.0,699.0,28,2
289.0,134.0,-0.0,-195.0,6.0,-924.0,760.0,28,2
148.0,175.0,-0.0,-171.0,2.0,-1000.0,828.0,28,2
145.0,0.0,-179.0,-202.0,8.0,-824.0,869.0,28,1
313.0,0.0,-0.0,-178.0,8.0,-1000.0,822.0,28,2
136.0,162.0,-126.0,-172.0,10.0,-923.0,764.0,28,2
155.0,0.0,-143.0,-193.0,9.0,-877.0,868.0,28,1
255.0,99.0,-77.0,-189.0,6.0,-919.0,749.0,28,2
162.0,207.0,-172.0,-216.0,10.0,-822.0,638.0,28,2
136.0,196.0,-98.0,-199.0,6.0,-847.0,783.0,28,2
164.0,163.0,-128.0,-197.0,8.0,-961.0,641.0,28,2
162.0,214.0,-164.0,-202.0,10.0,-820.0,680.0,28,2
157.0,214.0,-152.0,-200.0,9.0,-819.0,704.0,28,2
149.0,153.0,-194.0,-192.0,8.0,-935.0,623.0,28,1
135.0,105.0,-193.0,-196.0,6.0,-965.0,643.0,28,1
159.0,209.0,-161.0,-201.0,7.0,-848.0,669.0,28,2
144.0,15.0,-195.0,-176.0,6.0,-1021.0,709.0,28,1
154.0,174.0,-185.0,-228.0,7.0,-845.0,612.0,28,1
167.0,187.0,-195.0,-185.0,7.0,-898.0,636.0,28,1
184.0,86.0,-190.0,-213.0,6.0,-923.0,623.0,28,1
156.0,178.0,-187.0,-221.0,7.0,-854.0,614.0,28,2
236.9,91.7,-71.5,-246.9,6.0,-852.9,695.4,28,2
313.3,0.0,-113.0,-178.5,8.0,-1001.9,688.7,28,2
154.8,183.4,-0.0,-193.3,9.1,-1047.4,696.7,28,1
145.9,230.5,-0.0,-202.5,3.4,-827.0,871.8,28,2
296.0,0.0,-106.7,-221.4,10.5,-819.2,778.4,28,2
133.1,210.2,-0.0,-195.7,3.1,-949.4,795.3,28,2
313.3,145.0,-0.0,-178.5,8.0,-867.2,824.0,28,2
151.6,0.0,-111.9,-184.4,7.9,-992.0,815.9,28,1
153.1,145.0,-113.0,-178.5,8.0,-1001.9,688.7,28,2
139.9,132.6,-103.3,-200.3,7.4,-916.0,753.4,28,2
149.5,236.0,-0.0,-175.8,12.6,-846.8,892.7,28,2
299.8,0.0,-119.8,-211.5,9.9,-878.2,727.6,28,1
153.1,145.0,-113.0,-178.5,8.0,-867.2,824.0,28,2
148.1,0.0,-136.6,-158.1,16.1,-1001.8,830.1,28,1
326.5,0.0,-137.9,-199.0,10.8,-801.1,792.5,28,2
152.7,144.7,-0.0,-178.1,8.0,-999.7,822.2,28,1
261.9,110.5,-86.1,-195.4,5.0,-895.2,732.6,28,2
158.4,0.0,-194.9,-219.7,11.0,-897.7,712.9,28,1
150.7,0.0,-185.3,-166.7,15.6,-1074.5,678.0,28,1
272.6,0.0,-89.6,-198.7,10.6,-931.3,762.2,28,2
149.0,117.6,-91.7,-182.9,7.1,-953.4,780.3,28,1
143.0,169.4,-142.7,-190.7,8.4,-967.4,643.5,28,2
259.9,100.6,-78.4,-170.6,10.4,-935.7,762.9,28,2
312.9,160.5,-0.0,-177.6,9.6,-916.6,759.5,28,2
284.0,119.7,-0.0,-168.3,7.2,-970.4,794.2,28,2
336.5,0.0,-0.0,-181.9,3.4,-985.8,816.8,28,2
144.8,0.0,-133.6,-180.8,11.1,-979.5,811.5,28,1
150.0,236.8,-0.0,-173.8,11.9,-1069.3,674.8,28,2
143.7,170.2,-132.6,-191.6,8.5,-814.1,805.3,28,2
330.5,169.6,-0.0,-194.9,8.1,-811.0,802.3,28,2
154.8,0.0,-142.8,-193.3,9.1,-1047.4,696.7,28,1
154.8,183.4,-0.0,-193.3,9.1,-877.2,867.7,28,1
134.7,0.0,-165.7,-180.2,10.0,-961.0,804.9,28,1
266.2,112.3,-87.5,-177.9,10.4,-909.7,744.5,28,2
314.0,145.3,-113.2,-178.9,8.0,-869.1,690.2,28,2
312.7,144.7,-0.0,-127.3,8.0,-999.7,822.2,28,2
145.7,172.6,-0.0,-181.9,3.4,-985.8,816.8,28,1
143.8,136.3,-106.2,-178.1,7.5,-941.5,774.3,28,2
148.1,0.0,-182.1,-181.4,15.0,-838.9,884.3,28,1
277.0,116.8,-91.0,-190.6,7.0,-946.5,665.6,28,2
298.1,0.0,-107.5,-163.6,12.8,-953.2,784.0,28,2
313.3,145.0,-0.0,-178.5,8.0,-1001.9,688.7,28,2
155.2,183.9,-143.2,-193.8,9.2,-879.6,698.5,28,2
289.0,133.7,-0.0,-194.9,5.5,-924.1,760.1,28,2
147.8,175.1,-0.0,-171.2,2.2,-1000.0,828.5,28,2
145.4,0.0,-178.9,-201.7,7.8,-824.0,868.7,28,1
312.7,0.0,-0.0,-178.1,8.0,-999.7,822.2,28,2
136.4,161.6,-125.8,-171.6,10.4,-922.6,764.4,28,2
154.8,0.0,-142.8,-193.3,9.1,-877.2,867.7,28,1
255.3,98.8,-77.0,-188.6,6.5,-919.0,749.3,28,2
272.8,105.1,-81.8,-209.7,9.0,-904.0,679.7,28,2
162.0,190.1,-148.1,-178.8,18.8,-838.1,741.4,28,2
153.6,144.2,-112.3,-220.1,10.1,-923.2,657.9,28,1
146.5,114.6,-89.3,-201.9,8.8,-860.0,829.5,28,1
151.8,178.1,-138.7,-167.5,18.3,-944.0,694.6,28,2
309.9,142.8,-111.2,-167.8,22.1,-913.9,651.2,28,2
143.6,0.0,-174.9,-158.4,17.9,-942.7,844.5,28,1
303.6,139.9,-0.0,-213.5,6.2,-895.5,722.5,28,2
374.3,0.0,-0.0,-190.2,6.7,-1013.2,730.4,28,2
158.6,148.9,-116.0,-175.1,15.0,-953.3,719.7,28,2
152.6,238.7,-0.0,-200.0,6.3,-1001.8,683.9,28,2
310.0,142.8,-0.0,-167.9,10.0,-914.3,804.0,28,2
304.8,0.0,-99.6,-196.0,9.8,-959.4,705.2,28,2
150.9,0.0,-183.9,-166.6,11.6,-991.2,772.2,28,1
141.9,166.6,-129.7,-173.5,10.9,-882.6,785.3,28,2
297.8,137.2,-106.9,-201.3,6.0,-878.4,655.3,28,2
321.3,164.2,-0.0,-190.5,4.6,-870.0,774.0,28,2
366.0,187.0,-0.0,-191.3,6.6,-824.3,756.9,28,2
279.8,128.9,-100.4,-172.4,9.5,-825.1,804.9,28,2
252.1,97.1,-75.6,-193.8,8.3,-835.5,821.4,28,2
164.6,0.0,-150.4,-181.6,11.7,-1023.3,728.9,28,1
155.6,243.5,-0.0,-180.3,10.7,-1022.0,697.7,28,2
160.2,188.0,-146.4,-203.2,11.3,-828.7,709.7,28,2
298.1,0.0,-107.0,-186.4,6.1,-879.0,815.2,28,2
317.9,0.0,-126.5,-209.7,5.7,-860.5,736.6,28,2
287.3,120.5,-93.9,-187.6,9.2,-904.4,695.9,28,2
325.6,166.4,-0.0,-174.0,8.9,-881.6,790.0,28,2
355.9,0.0,-141.6,-193.3,11.0,-801.4,778.4,28,2
132.0,206.5,-160.9,-178.9,5.5,-866.9,735.6,28,2
322.5,148.6,-0.0,-185.8,8.5,-951.0,709.5,28,2
164.2,0.0,-200.1,-181.2,12.6,-849.3,846.0,28,1
313.8,0.0,-112.6,-169.9,10.1,-925.3,782.9,28,2
321.4,0.0,-127.9,-182.5,11.5,-870.1,779.7,28,2
139.7,163.9,-127.7,-236.7,5.8,-868.6,655.6,28,2
288.4,121.0,-0.0,-177.4,7.0,-907.9,829.5,28,2
298.2,0.0,-107.0,-209.7,11.1,-879.6,744.2,28,2
264.5,111.0,-86.5,-195.5,5.9,-832.6,790.4,28,2
159.8,250.0,-0.0,-168.4,12.2,-1049.3,688.2,28,2
166.0,259.7,-0.0,-183.2,12.7,-858.8,826.8,28,2
276.4,116.0,-90.3,-179.6,8.9,-870.1,768.3,28,2
322.2,0.0,-115.6,-196.0,10.4,-817.9,813.4,28,2
148.5,139.4,-108.6,-192.7,6.1,-892.4,780.0,28,1
159.1,186.7,-0.0,-175.6,11.3,-989.6,788.9,28,2
260.9,100.5,-78.3,-200.6,8.6,-864.5,761.5,28,2
